{
  "decision": "CONDITIONAL_GO",
  "reasons": [
    "OK ROC-AUC 0.873 >= 0.8",
    "OK PR-AUC 0.709 >= 0.55",
    "OK Brier 0.097",
    "OK ECE 0.028",
    "OK Gender recall_gap 0.13",
    "OK Geography recall_gap 0.13",
    "WARN Geography demographic_parity_ratio 0.51 < 0.6",
    "OK IsActiveMember recall_gap 0.05",
    "WARN IsActiveMember demographic_parity_ratio 0.58 < 0.6",
    "WARN_WAIVED age_bucket recall_gap 0.61 > 0.30 (business rule covers this segment)",
    "WARN age_bucket demographic_parity_ratio 0.20 < 0.6"
  ],
  "default": {
    "threshold": 0.5,
    "accuracy": 0.8693333333333333,
    "precision": 0.7422222222222222,
    "recall": 0.5475409836065573,
    "f1": 0.630188679245283,
    "roc_auc": 0.8731792303998903,
    "pr_auc": 0.7085019673971458,
    "brier": 0.09725212510429859,
    "expected_cost": 748.0,
    "n": 1500,
    "positives": 305
  },
  "tuned": {
    "threshold": 0.09999999999999999,
    "accuracy": 0.73,
    "precision": 0.42012779552715657,
    "recall": 0.8622950819672132,
    "f1": 0.564983888292159,
    "roc_auc": 0.8731792303998903,
    "pr_auc": 0.7085019673971458,
    "brier": 0.09725212510429859,
    "expected_cost": 573.0,
    "n": 1500,
    "positives": 305
  },
  "optimal_threshold": 0.09999999999999999,
  "cost": {
    "FN_COST": 5.0,
    "FP_COST": 1.0
  },
  "calibration": {
    "ece": 0.028357324128310366,
    "n_bins": 10
  },
  "shap": {
    "top_features": [
      "Age",
      "NumOfProducts",
      "IsActiveMember",
      "Balance",
      "Geography_Germany",
      "Gender_Female",
      "balance_to_salary",
      "CreditScore",
      "Gender_Male",
      "products_per_tenure"
    ],
    "mean_abs_top": {
      "Age": 0.7706000208854675,
      "NumOfProducts": 0.6187000274658203,
      "IsActiveMember": 0.3984000086784363,
      "Balance": 0.17509999871253967,
      "Geography_Germany": 0.15299999713897705,
      "Gender_Female": 0.12630000710487366,
      "balance_to_salary": 0.10260000079870224,
      "CreditScore": 0.0835999995470047,
      "Gender_Male": 0.0729999989271164,
      "products_per_tenure": 0.06679999828338623
    },
    "local_examples": {
      "yuksek_risk": 13,
      "dusuk_risk": 1,
      "sinir": 8
    },
    "local_proba": {
      "yuksek_risk": 1.0,
      "dusuk_risk": 0.0,
      "sinir": 0.5
    }
  },
  "fairness": {
    "segments": [
      {
        "segment": "Gender",
        "value": "Female",
        "n": 692,
        "positives": 166,
        "roc_auc": 0.8881419212973567,
        "pr_auc": 0.7514572051499087,
        "recall": 0.9216867469879518,
        "precision": 0.4526627218934911,
        "selection_rate": 0.4884393063583815
      },
      {
        "segment": "Gender",
        "value": "Male",
        "n": 808,
        "positives": 139,
        "roc_auc": 0.8548354141798667,
        "pr_auc": 0.6569059809446645,
        "recall": 0.7913669064748201,
        "precision": 0.3819444444444444,
        "selection_rate": 0.3564356435643564
      },
      {
        "segment": "Geography",
        "value": "France",
        "n": 778,
        "positives": 134,
        "roc_auc": 0.8552076573653472,
        "pr_auc": 0.6213540625621297,
        "recall": 0.7985074626865671,
        "precision": 0.4068441064638783,
        "selection_rate": 0.3380462724935733
      },
      {
        "segment": "Geography",
        "value": "Germany",
        "n": 370,
        "positives": 114,
        "roc_auc": 0.8719846491228069,
        "pr_auc": 0.7889850409421526,
        "recall": 0.9298245614035088,
        "precision": 0.4344262295081967,
        "selection_rate": 0.6594594594594595
      },
      {
        "segment": "Geography",
        "value": "Spain",
        "n": 352,
        "positives": 57,
        "roc_auc": 0.8908117752007136,
        "pr_auc": 0.7521732244802051,
        "recall": 0.8771929824561403,
        "precision": 0.42016806722689076,
        "selection_rate": 0.3380681818181818
      },
      {
        "segment": "IsActiveMember",
        "value": "0",
        "n": 715,
        "positives": 201,
        "roc_auc": 0.8693303908473198,
        "pr_auc": 0.7744479874444883,
        "recall": 0.8805970149253731,
        "precision": 0.46335078534031415,
        "selection_rate": 0.5342657342657343
      },
      {
        "segment": "IsActiveMember",
        "value": "1",
        "n": 785,
        "positives": 104,
        "roc_auc": 0.8593344064159043,
        "pr_auc": 0.5588139596031527,
        "recall": 0.8269230769230769,
        "precision": 0.3524590163934426,
        "selection_rate": 0.310828025477707
      },
      {
        "segment": "age_bucket",
        "value": "30-40",
        "n": 652,
        "positives": 65,
        "roc_auc": 0.818831083737387,
        "pr_auc": 0.4206400146036481,
        "recall": 0.7076923076923077,
        "precision": 0.25842696629213485,
        "selection_rate": 0.27300613496932513
      },
      {
        "segment": "age_bucket",
        "value": "40-50",
        "n": 389,
        "positives": 124,
        "roc_auc": 0.83338405356056,
        "pr_auc": 0.7290799620547083,
        "recall": 0.9112903225806451,
        "precision": 0.4346153846153846,
        "selection_rate": 0.6683804627249358
      },
      {
        "segment": "age_bucket",
        "value": "50+",
        "n": 205,
        "positives": 102,
        "roc_auc": 0.8780220826194556,
        "pr_auc": 0.8824169451180701,
        "recall": 0.9705882352941176,
        "precision": 0.66,
        "selection_rate": 0.7317073170731707
      },
      {
        "segment": "age_bucket",
        "value": "<30",
        "n": 254,
        "positives": 14,
        "roc_auc": 0.718452380952381,
        "pr_auc": 0.14341520806567282,
        "recall": 0.35714285714285715,
        "precision": 0.13157894736842105,
        "selection_rate": 0.14960629921259844
      }
    ],
    "disparities": {
      "Gender": {
        "recall_gap": 0.13031984051313172,
        "roc_auc_gap": 0.03330650711748995,
        "selection_rate_gap": 0.1320036627940251,
        "demographic_parity_ratio": 0.7297439803151913
      },
      "Geography": {
        "recall_gap": 0.13131709871694164,
        "roc_auc_gap": 0.03560411783536643,
        "selection_rate_gap": 0.3214131869658862,
        "demographic_parity_ratio": 0.5126111509123856
      },
      "IsActiveMember": {
        "recall_gap": 0.05367393800229625,
        "roc_auc_gap": 0.009995984431415472,
        "selection_rate_gap": 0.22343770878802732,
        "demographic_parity_ratio": 0.5817854403574881
      },
      "age_bucket": {
        "recall_gap": 0.6134453781512605,
        "roc_auc_gap": 0.15956970166707463,
        "selection_rate_gap": 0.5821010178605723,
        "demographic_parity_ratio": 0.20446194225721787
      }
    }
  }
}