{
  "decision": "NO-GO",
  "reasons": [
    "OK ROC-AUC 0.876 >= 0.8",
    "OK PR-AUC 0.734 >= 0.55",
    "OK Brier 0.141",
    "WARN ECE 0.189 > 0.05 (Platt/Isotonic kalibrasyonu duzeltebilir)",
    "OK Gender recall_gap 0.15",
    "WARN Geography recall_gap 0.23 > 0.20",
    "WARN Geography demographic_parity_ratio 0.41 < 0.6",
    "OK IsActiveMember recall_gap 0.05",
    "WARN IsActiveMember demographic_parity_ratio 0.54 < 0.6",
    "FAIL age_bucket recall_gap 0.80 > 0.30",
    "WARN age_bucket demographic_parity_ratio 0.06 < 0.6"
  ],
  "default": {
    "threshold": 0.5,
    "accuracy": 0.8026666666666666,
    "precision": 0.509719222462203,
    "recall": 0.7737704918032787,
    "f1": 0.6145833333333334,
    "roc_auc": 0.8756924343233418,
    "pr_auc": 0.7342070979273065,
    "brier": 0.14130400121212006,
    "expected_cost": 572.0,
    "n": 1500,
    "positives": 305
  },
  "tuned": {
    "threshold": 0.5199999999999999,
    "accuracy": 0.8213333333333334,
    "precision": 0.5427251732101617,
    "recall": 0.7704918032786885,
    "f1": 0.6368563685636857,
    "roc_auc": 0.8756924343233418,
    "pr_auc": 0.7342070979273065,
    "brier": 0.14130400121212006,
    "expected_cost": 548.0,
    "n": 1500,
    "positives": 305
  },
  "optimal_threshold": 0.5199999999999999,
  "cost": {
    "FN_COST": 5.0,
    "FP_COST": 1.0
  },
  "calibration": {
    "ece": 0.18857458273073038,
    "n_bins": 10
  },
  "shap": {
    "top_features": [
      "Age",
      "NumOfProducts",
      "IsActiveMember",
      "Geography_Germany",
      "Gender_Female",
      "Balance",
      "balance_to_salary",
      "CreditScore",
      "Geography_France",
      "EstimatedSalary"
    ],
    "mean_abs_top": {
      "Age": 0.743399977684021,
      "NumOfProducts": 0.630299985408783,
      "IsActiveMember": 0.31540000438690186,
      "Geography_Germany": 0.1882999986410141,
      "Gender_Female": 0.1680999994277954,
      "Balance": 0.10890000313520432,
      "balance_to_salary": 0.05829999968409538,
      "CreditScore": 0.04470000043511391,
      "Geography_France": 0.044599998742341995,
      "EstimatedSalary": 0.032099999487400055
    },
    "local_examples": {
      "yuksek_risk": 709,
      "dusuk_risk": 122,
      "sinir": 1082
    },
    "local_proba": {
      "yuksek_risk": 0.9836463928222656,
      "dusuk_risk": 0.04259207844734192,
      "sinir": 0.49998748302459717
    }
  },
  "fairness": {
    "segments": [
      {
        "segment": "Gender",
        "value": "Female",
        "n": 692,
        "positives": 166,
        "roc_auc": 0.8895505978285767,
        "pr_auc": 0.7766688295386982,
        "recall": 0.8373493975903614,
        "precision": 0.5604838709677419,
        "selection_rate": 0.3583815028901734
      },
      {
        "segment": "Gender",
        "value": "Male",
        "n": 808,
        "positives": 139,
        "roc_auc": 0.856986159950963,
        "pr_auc": 0.6820777383076388,
        "recall": 0.6906474820143885,
        "precision": 0.518918918918919,
        "selection_rate": 0.22896039603960397
      },
      {
        "segment": "Geography",
        "value": "France",
        "n": 778,
        "positives": 134,
        "roc_auc": 0.8558218225641976,
        "pr_auc": 0.6564449286636914,
        "recall": 0.6716417910447762,
        "precision": 0.5357142857142857,
        "selection_rate": 0.2159383033419023
      },
      {
        "segment": "Geography",
        "value": "Germany",
        "n": 370,
        "positives": 114,
        "roc_auc": 0.8807565789473684,
        "pr_auc": 0.8138839419596509,
        "recall": 0.9035087719298246,
        "precision": 0.5392670157068062,
        "selection_rate": 0.5162162162162162
      },
      {
        "segment": "Geography",
        "value": "Spain",
        "n": 352,
        "positives": 57,
        "roc_auc": 0.896283080582813,
        "pr_auc": 0.7581922775853385,
        "recall": 0.7368421052631579,
        "precision": 0.5675675675675675,
        "selection_rate": 0.21022727272727273
      },
      {
        "segment": "IsActiveMember",
        "value": "0",
        "n": 715,
        "positives": 201,
        "roc_auc": 0.8747894767408096,
        "pr_auc": 0.7973130583270024,
        "recall": 0.7860696517412935,
        "precision": 0.5830258302583026,
        "selection_rate": 0.37902097902097903
      },
      {
        "segment": "IsActiveMember",
        "value": "1",
        "n": 785,
        "positives": 104,
        "roc_auc": 0.8602027561278661,
        "pr_auc": 0.5826068956660303,
        "recall": 0.7403846153846154,
        "precision": 0.47530864197530864,
        "selection_rate": 0.20636942675159237
      },
      {
        "segment": "age_bucket",
        "value": "30-40",
        "n": 652,
        "positives": 65,
        "roc_auc": 0.813497575678155,
        "pr_auc": 0.4388934388089106,
        "recall": 0.4461538461538462,
        "precision": 0.4027777777777778,
        "selection_rate": 0.11042944785276074
      },
      {
        "segment": "age_bucket",
        "value": "40-50",
        "n": 389,
        "positives": 124,
        "roc_auc": 0.8386335970785149,
        "pr_auc": 0.7660367616212154,
        "recall": 0.8709677419354839,
        "precision": 0.5094339622641509,
        "selection_rate": 0.5449871465295629
      },
      {
        "segment": "age_bucket",
        "value": "50+",
        "n": 205,
        "positives": 102,
        "roc_auc": 0.8866362078812109,
        "pr_auc": 0.8973065876998045,
        "recall": 0.9411764705882353,
        "precision": 0.6906474820143885,
        "selection_rate": 0.6780487804878049
      },
      {
        "segment": "age_bucket",
        "value": "<30",
        "n": 254,
        "positives": 14,
        "roc_auc": 0.6983630952380951,
        "pr_auc": 0.14081824824158717,
        "recall": 0.14285714285714285,
        "precision": 0.2,
        "selection_rate": 0.03937007874015748
      }
    ],
    "disparities": {
      "Gender": {
        "recall_gap": 0.1467019155759729,
        "roc_auc_gap": 0.03256443787761376,
        "selection_rate_gap": 0.12942110685056943,
        "demographic_parity_ratio": 0.6388733631427659
      },
      "Geography": {
        "recall_gap": 0.23186698088504842,
        "roc_auc_gap": 0.04046125801861544,
        "selection_rate_gap": 0.30598894348894345,
        "demographic_parity_ratio": 0.4072465492622561
      },
      "IsActiveMember": {
        "recall_gap": 0.04568503635667809,
        "roc_auc_gap": 0.014586720612943527,
        "selection_rate_gap": 0.17265155226938667,
        "demographic_parity_ratio": 0.5444802218722824
      },
      "age_bucket": {
        "recall_gap": 0.7983193277310925,
        "roc_auc_gap": 0.18827311264311575,
        "selection_rate_gap": 0.6386787017476474,
        "demographic_parity_ratio": 0.058063785192318584
      }
    }
  }
}