{
  "best_model": "xgboost",
  "best_xgb_params": {
    "learning_rate": 0.05455879478052081,
    "max_depth": 3,
    "min_child_weight": 6,
    "subsample": 0.6135695058254393,
    "colsample_bytree": 0.8892241488241991,
    "gamma": 3.935885018101853,
    "reg_alpha": 0.0002124031286111496,
    "reg_lambda": 0.021834775718058457
  },
  "validation": {
    "baseline_logreg": {
      "pr_auc": 0.5356762014560825,
      "roc_auc": 0.8003415771668801,
      "f1": 0.5245153933865451,
      "log_loss": 0.5579390134568697
    },
    "xgboost": {
      "pr_auc": 0.7333723215036869,
      "roc_auc": 0.8880103130029231,
      "f1": 0.6209573091849935,
      "log_loss": 0.43915895302657204
    }
  },
  "test": {
    "xgboost": {
      "pr_auc": 0.7342070979273065,
      "roc_auc": 0.8756924343233418,
      "f1": 0.6145833333333334,
      "log_loss": 0.44218109367328673
    }
  }
}