{
  "best_model": "xgboost",
  "best_xgb_params": {
    "learning_rate": 0.05617622822062767,
    "max_depth": 5,
    "min_child_weight": 4,
    "subsample": 0.8485779491700473,
    "colsample_bytree": 0.535874097293578,
    "gamma": 4.9590897198452195,
    "reg_alpha": 0.0006018461335903115,
    "reg_lambda": 0.04551565050055238
  },
  "validation": {
    "baseline_logreg": {
      "pr_auc": 0.4981373808562113,
      "roc_auc": 0.7889693565868559,
      "f1": 0.5181818181818182,
      "log_loss": 0.5722664726433146
    },
    "xgboost": {
      "pr_auc": 0.726409372493239,
      "roc_auc": 0.8954275735978366,
      "f1": 0.6368715083798883,
      "log_loss": 0.3009774317483955
    }
  },
  "test": {
    "xgboost": {
      "pr_auc": 0.7085019673971458,
      "roc_auc": 0.8731792303998903,
      "f1": 0.630188679245283,
      "log_loss": 0.34219945656095185
    }
  }
}